,Year,Team,Revenue,Ticket,OI,Population,Income,Age,APG,Playoffs,CSF,CF,Finals,Championship,WP,MPC1,MPC2,MPC3,Followers,Franch_Val
0,2011,Atlanta Hawks,109.0,26.299999999999997,-15,5286728,38774,27.4,15649,1.0,1.0,0,0,0.0,0.5365853658536586,0.05717846667922377,0.109034834177749,0.056331708168910734,0.2,295
1,2012,Atlanta Hawks,123.0,24.972727272727273,-19,5286728,38774,27.9,15200,1.0,0.0,0,0,0.0,0.6060606060606061,-0.011728829518795131,0.07019475887075398,-0.002525449428903297,0.35,270
2,2013,Atlanta Hawks,119.0,23.6,-4,5286728,38774,27.1,15126,1.0,0.0,0,0,0.0,0.5365853658536586,0.0732726604319199,0.12031392688334543,0.10637135050134186,0.52,316
3,2014,Atlanta Hawks,133.0,22.9,15,5286728,38774,27.5,14231,1.0,0.0,0,0,0.0,0.4634146341463415,0.12758335976699714,0.24236861575412622,0.2144579628302167,1.2,425
4,2015,Atlanta Hawks,142.0,27.799999999999997,7,5286728,38774,27.8,17412,1.0,1.0,1,0,0.0,0.7317073170731707,0.05763736653393075,0.11057010835873729,0.06620289280041083,1.78,825
5,2016,Atlanta Hawks,169.0,28.299999999999997,20,5286728,38774,28.2,16833,1.0,1.0,0,0,0.0,0.5853658536585366,-0.009237508942893727,0.05172234679887952,0.003004143340046668,2.24,825
6,2017,Atlanta Hawks,209.0,27.5,22,5286728,38774,27.9,15959,1.0,0.0,0,0,0.0,0.524390243902439,0.029068057908863482,0.04214356241521919,0.0718239987128703,2.71,885
7,2018,Atlanta Hawks,215.0,29.5,42,5286728,38774,25.4,14409,0.0,0.0,0,0,0.0,0.2926829268292683,0.048031516581710475,0.1891652785347468,0.13442055146854662,2.79,"1,150"
8,2019,Atlanta Hawks,251.0,45.3,78,5286728,38774,25.1,15328,0.0,0.0,0,0,0.0,0.35365853658536583,-0.0039565732931468875,0.07510871954646547,0.024492225389362896,2.81,"1,300"
9,2020,Atlanta Hawks,271.7014925373134,40.02089552238806,36,5286728,38774,24.1,16043,0.0,0.0,0,0,0.0,0.29850746268656714,0.04246447401477489,0.08456248595347404,0.2195706782866212,2.78,"1,520"
10,2021,Atlanta Hawks,226.63888888888889,1.765277777777778,37,6089815,58963,25.4,1647,1.0,1.0,1,0,0.0,0.5694444444444444,0.05226118940775785,0.2238339270240182,0.13698453247239445,2.89,"1,680"
11,2011,Boston Celtics,146.0,52.70000000000001,8,4552402,57975,29.5,18624,1.0,1.0,0,0,0.0,0.6829268292682927,0.05717846667922377,0.109034834177749,0.056331708168910734,6.85,452
12,2012,Boston Celtics,177.66666666666666,52.67878787878787,19,4552402,57975,29.3,18624,1.0,1.0,1,0,0.0,0.5909090909090909,-0.011728829518795131,0.07019475887075398,-0.002525449428903297,7.48,482
13,2013,Boston Celtics,171.08641975308643,55.071604938271605,47,4552402,57975,29.1,18624,1.0,0.0,0,0,0.0,0.5061728395061729,0.0732726604319199,0.12031392688334543,0.10637135050134186,8.22,730
14,2014,Boston Celtics,173.0,54.20000000000001,55,4552402,57975,25.4,18107,0.0,0.0,0,0,0.0,0.3048780487804878,0.12758335976699714,0.24236861575412622,0.2144579628302167,10.05,875
15,2015,Boston Celtics,181.0,51.20000000000001,57,4552402,57975,25.0,17594,1.0,0.0,0,0,0.0,0.4878048780487805,0.05763736653393075,0.11057010835873729,0.06620289280041083,10.32,"1,700"
16,2016,Boston Celtics,200.0,49.4,65,4552402,57975,25.2,18270,1.0,0.0,0,0,0.0,0.5853658536585366,-0.009237508942893727,0.05172234679887952,0.003004143340046668,10.73,"2,100"
17,2017,Boston Celtics,257.0,64.7,85,4552402,57975,25.9,18553,1.0,1.0,1,0,0.0,0.6463414634146342,0.029068057908863482,0.04214356241521919,0.0718239987128703,11.5,"2,200"
18,2018,Boston Celtics,287.0,63.29999999999999,100,4552402,57975,24.7,18624,1.0,1.0,1,0,0.0,0.6707317073170732,0.048031516581710475,0.1891652785347468,0.13442055146854662,12.21,"2,500"
19,2019,Boston Celtics,304.0,72.5,88,4552402,57975,25.7,18624,1.0,1.0,0,0,0.0,0.5975609756097561,-0.0039565732931468875,0.07510871954646547,0.024492225389362896,12.51,"2,800"
20,2020,Boston Celtics,312.05555555555554,73.00277777777778,86,4552402,57975,25.3,19090,1.0,1.0,1,0,0.0,0.6666666666666666,0.04246447401477489,0.08456248595347404,0.2195706782866212,12.37,"3,100"
21,2021,Boston Celtics,240.30555555555554,0.82,46,4941632,86239,25.1,835,1.0,0.0,0,0,0.0,0.5,0.05226118940775785,0.2238339270240182,0.13698453247239445,12.3,"3,550"
22,2011,Brooklyn Nets,89.0,23.3,-24,19567410,54270,24.8,13949,0.0,0.0,0,0,0.0,0.2926829268292683,0.05717846667922377,0.109034834177749,0.056331708168910734,0.2,312
23,2012,Brooklyn Nets,104.36363636363636,21.245454545454546,-17,19567410,54270,26.1,13961,0.0,0.0,0,0,0.0,0.3333333333333333,-0.011728829518795131,0.07019475887075398,-0.002525449428903297,0.52,357
24,2013,Brooklyn Nets,190.0,39.5,-19,19567410,54270,28.6,17188,1.0,0.0,0,0,0.0,0.5975609756097561,0.0732726604319199,0.12031392688334543,0.10637135050134186,1.46,530
25,2014,Brooklyn Nets,212.0,42.4,-99,19567410,54270,30.0,17252,1.0,1.0,0,0,0.0,0.5365853658536586,0.12758335976699714,0.24236861575412622,0.2144579628302167,2.71,780
26,2015,Brooklyn Nets,220.0,46.1,-6,19567410,54270,28.6,17037,1.0,0.0,0,0,0.0,0.4634146341463415,0.05763736653393075,0.11057010835873729,0.06620289280041083,3.2,"1,500"
27,2016,Brooklyn Nets,223.0,40.9,16,19567410,54270,26.9,15125,0.0,0.0,0,0,0.0,0.25609756097560976,-0.009237508942893727,0.05172234679887952,0.003004143340046668,3.47,"1,700"
28,2017,Brooklyn Nets,273.0,47.5,52,19567410,54270,26.0,15429,0.0,0.0,0,0,0.0,0.24390243902439024,0.029068057908863482,0.04214356241521919,0.0718239987128703,3.61,"1,800"
29,2018,Brooklyn Nets,290.0,48.5,53,19567410,54270,25.1,15376,0.0,0.0,0,0,0.0,0.34146341463414637,0.048031516581710475,0.1891652785347468,0.13442055146854662,3.68,"2,300"
30,2019,Brooklyn Nets,304.0,55.099999999999994,42,19567410,54270,25.4,14941,1.0,0.0,0,0,0.0,0.5121951219512195,-0.0039565732931468875,0.07510871954646547,0.024492225389362896,3.7,"2,350"
31,2020,Brooklyn Nets,318.8888888888889,59.791666666666664,44,19567410,54270,26.3,16403,1.0,0.0,0,0,0.0,0.4861111111111111,0.04246447401477489,0.08456248595347404,0.2195706782866212,3.82,"2,500"
32,2021,Brooklyn Nets,241.44444444444446,1.6513888888888888,-80,20140470,78727,28.2,847,1.0,1.0,0,0,0.0,0.6666666666666666,0.05226118940775785,0.2238339270240182,0.13698453247239445,4.37,"3,200"
33,2011,Charlotte Hornets,101.0,19.5,-26,2217012,38952,26.9,15846,0.0,0.0,0,0,0.0,0.4146341463414634,0.05717846667922377,0.109034834177749,0.056331708168910734,0.1,281
34,2012,Charlotte Hornets,115.54545454545455,17.51818181818182,-13,2217012,38952,24.5,14757,0.0,0.0,0,0,0.0,0.10606060606060606,-0.011728829518795131,0.07019475887075398,-0.002525449428903297,0.2,277
35,2013,Charlotte Hornets,115.0,18.2,7,2217012,38952,24.4,15324,0.0,0.0,0,0,0.0,0.25609756097560976,0.0732726604319199,0.12031392688334543,0.10637135050134186,0.35,315
36,2014,Charlotte Hornets,130.0,18.5,1,2217012,38952,25.5,15519,1.0,0.0,0,0,0.0,0.524390243902439,0.12758335976699714,0.24236861575412622,0.2144579628302167,1.19,410
37,2015,Charlotte Hornets,142.0,21.9,4,2217012,38952,26.0,17192,0.0,0.0,0,0,0.0,0.4024390243902439,0.05763736653393075,0.11057010835873729,0.06620289280041083,1.82,725
38,2016,Charlotte Hornets,158.0,22.2,9,2217012,38952,26.0,17485,1.0,0.0,0,0,0.0,0.5853658536585366,-0.009237508942893727,0.05172234679887952,0.003004143340046668,2.31,750
39,2017,Charlotte Hornets,202.0,23.5,21,2217012,38952,26.5,17333,0.0,0.0,0,0,0.0,0.43902439024390244,0.029068057908863482,0.04214356241521919,0.0718239987128703,2.54,780
40,2018,Charlotte Hornets,213.0,24.8,22,2217012,38952,26.6,16376,0.0,0.0,0,0,0.0,0.43902439024390244,0.048031516581710475,0.1891652785347468,0.13442055146854662,2.62,"1,050"
41,2019,Charlotte Hornets,240.0,23.7,39,2217012,38952,26.6,16502,0.0,0.0,0,0,0.0,0.47560975609756095,-0.0039565732931468875,0.07510871954646547,0.024492225389362896,2.69,"1,250"
42,2020,Charlotte Hornets,271.2307692307692,21.698461538461537,36,2217012,38952,24.3,15428,0.0,0.0,0,0,0.0,0.35384615384615387,0.04246447401477489,0.08456248595347404,0.2195706782866212,2.68,"1,500"
43,2021,Charlotte Hornets,208.41666666666666,0.5694444444444444,34,2660329,57713,24.6,1896,0.0,0.0,0,0,0.0,0.4583333333333333,0.05226118940775785,0.2238339270240182,0.13698453247239445,2.71,"1,575"
44,2011,Chicago Bulls,185.0,59.0,59,9461105,44488,26.4,21792,1.0,1.0,1,0,0.0,0.7560975609756098,0.05717846667922377,0.109034834177749,0.056331708168910734,6.2,511
45,2012,Chicago Bulls,201.27272727272728,61.74848484848485,34,9461105,44488,27.1,22161,1.0,0.0,0,0,0.0,0.7575757575757576,-0.011728829518795131,0.07019475887075398,-0.002525449428903297,7.51,600
46,2013,Chicago Bulls,195.0,64.6,52,9461105,44488,28.0,21877,1.0,1.0,0,0,0.0,0.5487804878048781,0.0732726604319199,0.12031392688334543,0.10637135050134186,10.08,800
47,2014,Chicago Bulls,201.0,69.5,65,9461105,44488,28.6,21716,1.0,0.0,0,0,0.0,0.5853658536585366,0.12758335976699714,0.24236861575412622,0.2144579628302167,17.69,"1,000"
48,2015,Chicago Bulls,228.0,71.8,68,9461105,44488,28.8,21625,1.0,1.0,0,0,0.0,0.6097560975609756,0.05763736653393075,0.11057010835873729,0.06620289280041083,20.28,"2,000"
49,2016,Chicago Bulls,232.0,73.4,46,9461105,44488,27.6,21821,0.0,0.0,0,0,0.0,0.5121951219512195,-0.009237508942893727,0.05172234679887952,0.003004143340046668,21.62,"2,300"
50,2017,Chicago Bulls,281.0,72.9,95,9461105,44488,26.9,21680,1.0,0.0,0,0,0.0,0.5,0.029068057908863482,0.04214356241521919,0.0718239987128703,22.75,"2,500"
51,2018,Chicago Bulls,287.0,69.9,114,9461105,44488,24.4,20776,0.0,0.0,0,0,0.0,0.32926829268292684,0.048031516581710475,0.1891652785347468,0.13442055146854662,22.44,"2,600"
52,2019,Chicago Bulls,301.0,70.0,103,9461105,44488,24.0,20085,0.0,0.0,0,0,0.0,0.2682926829268293,-0.0039565732931468875,0.07510871954646547,0.024492225389362896,21.84,"2,900"
53,2020,Chicago Bulls,378.46153846153845,80.6123076923077,115,9461105,44488,24.4,18804,0.0,0.0,0,0,0.0,0.3384615384615385,0.04246447401477489,0.08456248595347404,0.2195706782866212,21.49,"3,200"
54,2021,Chicago Bulls,242.58333333333334,0.0,39,9618502,66474,25.6,379,0.0,0.0,0,0,0.0,0.4305555555555556,0.05226118940775785,0.2238339270240182,0.13698453247239445,21.3,"3,650"
55,2011,Cleveland Cavaliers,149.0,42.9,33,2077240,39906,26.6,20112,0.0,0.0,0,0,0.0,0.23170731707317074,0.05717846667922377,0.109034834177749,0.056331708168910734,0.92,355
56,2012,Cleveland Cavaliers,159.03030303030303,32.054545454545455,19,2077240,39906,26.0,15927,0.0,0.0,0,0,0.0,0.3181818181818182,-0.011728829518795131,0.07019475887075398,-0.002525449428903297,1.03,329
57,2013,Cleveland Cavaliers,145.0,31.200000000000003,11,2077240,39906,24.1,16192,0.0,0.0,0,0,0.0,0.2926829268292683,0.0732726604319199,0.12031392688334543,0.10637135050134186,1.24,434
58,2014,Cleveland Cavaliers,149.0,30.600000000000005,21,2077240,39906,24.9,17330,0.0,0.0,0,0,0.0,0.4024390243902439,0.12758335976699714,0.24236861575412622,0.2144579628302167,2.61,515
59,2015,Cleveland Cavaliers,191.0,37.9,25,2077240,39906,26.9,20562,1.0,1.0,1,1,0.0,0.6463414634146342,0.05763736653393075,0.11057010835873729,0.06620289280041083,5.22,915
60,2016,Cleveland Cavaliers,233.0,40.5,-40,2077240,39906,28.1,20562,1.0,1.0,1,1,1.0,0.6951219512195121,-0.009237508942893727,0.05172234679887952,0.003004143340046668,8.6,"1,100"
61,2017,Cleveland Cavaliers,280.0,48.1,-6,2077240,39906,29.2,20562,1.0,1.0,1,1,0.0,0.6219512195121951,0.029068057908863482,0.04214356241521919,0.0718239987128703,11.5,"1,200"
62,2018,Cleveland Cavaliers,302.0,50.599999999999994,-13,2077240,39906,30.6,20562,1.0,1.0,1,1,0.0,0.6097560975609756,0.048031516581710475,0.1891652785347468,0.13442055146854662,11.84,"1,325"
63,2019,Cleveland Cavaliers,300.0,67.4,39,2077240,39906,25.2,19350,0.0,0.0,0,0,0.0,0.23170731707317074,-0.0039565732931468875,0.07510871954646547,0.024492225389362896,11.89,"1,275"
64,2020,Cleveland Cavaliers,339.3538461538462,59.04,46,2077240,39906,25.0,17861,0.0,0.0,0,0,0.0,0.2923076923076923,0.04246447401477489,0.08456248595347404,0.2195706782866212,11.55,"1,510"
65,2021,Cleveland Cavaliers,240.30555555555554,4.339166666666667,11,2088251,58215,24.0,2541,0.0,0.0,0,0,0.0,0.3055555555555556,0.05226118940775785,0.2238339270240182,0.13698453247239445,11.34,"1,650"
66,2011,Dallas Mavericks,166.0,42.9,-4,6426214,41799,30.9,20102,1.0,1.0,1,1,1.0,0.6951219512195121,0.05717846667922377,0.109034834177749,0.056331708168910734,2.33,438
67,2012,Dallas Mavericks,170.21212121212122,40.875757575757575,13,6426214,41799,31.3,20335,1.0,0.0,0,0,0.0,0.5454545454545454,-0.011728829518795131,0.07019475887075398,-0.002525449428903297,2.59,497
68,2013,Dallas Mavericks,162.0,42.7,38,6426214,41799,29.5,20036,0.0,0.0,0,0,0.0,0.5,0.0732726604319199,0.12031392688334543,0.10637135050134186,2.94,685
69,2014,Dallas Mavericks,168.0,42.5,30,6426214,41799,30.6,19951,1.0,0.0,0,0,0.0,0.5975609756097561,0.12758335976699714,0.24236861575412622,0.2144579628302167,4.26,765
70,2015,Dallas Mavericks,177.0,43.0,24,6426214,41799,29.9,20188,1.0,0.0,0,0,0.0,0.6097560975609756,0.05763736653393075,0.11057010835873729,0.06620289280041083,5.03,"1,150"
71,2016,Dallas Mavericks,194.0,43.0,43,6426214,41799,30.3,20144,1.0,0.0,0,0,0.0,0.5121951219512195,-0.009237508942893727,0.05172234679887952,0.003004143340046668,5.5,"1,400"
72,2017,Dallas Mavericks,233.0,42.2,21,6426214,41799,27.6,19789,0.0,0.0,0,0,0.0,0.4024390243902439,0.029068057908863482,0.04214356241521919,0.0718239987128703,5.89,"1,450"
73,2018,Dallas Mavericks,287.0,43.0,99,6426214,41799,27.7,19792,0.0,0.0,0,0,0.0,0.2926829268292683,0.048031516581710475,0.1891652785347468,0.13442055146854662,6.0,"1,900"
74,2019,Dallas Mavericks,307.0,57.400000000000006,105,6426214,41799,26.9,20014,0.0,0.0,0,0,0.0,0.4024390243902439,-0.0039565732931468875,0.07510871954646547,0.024492225389362896,5.97,"2,250"
75,2020,Dallas Mavericks,322.53333333333336,60.46133333333333,84,6426214,41799,26.1,20062,1.0,0.0,0,0,0.0,0.5733333333333334,0.04246447401477489,0.08456248595347404,0.2195706782866212,6.07,"2,400"
76,2021,Dallas Mavericks,263.0833333333333,3.2116666666666664,55,7637387,61824,26.3,2635,1.0,0.0,0,0,0.0,0.5833333333333334,0.05226118940775785,0.2238339270240182,0.13698453247239445,6.22,"2,700"
77,2011,Denver Nuggets,113.0,32.6,-1,2543482,43699,27.3,16989,1.0,0.0,0,0,0.0,0.6097560975609756,0.05717846667922377,0.109034834177749,0.056331708168910734,0.64,316
78,2012,Denver Nuggets,136.66666666666666,32.8,12,2543482,43699,26.6,17029,1.0,0.0,0,0,0.0,0.5757575757575758,-0.011728829518795131,0.07019475887075398,-0.002525449428903297,0.97,316
79,2013,Denver Nuggets,124.0,37.3,8,2543482,43699,26.1,17820,1.0,0.0,0,0,0.0,0.6951219512195121,0.0732726604319199,0.12031392688334543,0.10637135050134186,1.26,427
80,2014,Denver Nuggets,136.0,34.6,14,2543482,43699,26.0,16900,0.0,0.0,0,0,0.0,0.43902439024390244,0.12758335976699714,0.24236861575412622,0.2144579628302167,1.99,495
81,2015,Denver Nuggets,140.0,30.100000000000005,26,2543482,43699,26.4,14700,0.0,0.0,0,0,0.0,0.36585365853658536,0.05763736653393075,0.11057010835873729,0.06620289280041083,2.24,855
82,2016,Denver Nuggets,157.0,28.299999999999997,21,2543482,43699,24.7,14095,0.0,0.0,0,0,0.0,0.4024390243902439,-0.009237508942893727,0.05172234679887952,0.003004143340046668,2.48,855
83,2017,Denver Nuggets,202.0,29.700000000000003,49,2543482,43699,25.2,14672,0.0,0.0,0,0,0.0,0.4878048780487805,0.029068057908863482,0.04214356241521919,0.0718239987128703,2.66,890
84,2018,Denver Nuggets,222.0,36.6,47,2543482,43699,25.1,17141,0.0,0.0,0,0,0.0,0.5609756097560976,0.048031516581710475,0.1891652785347468,0.13442055146854662,2.75,"1,125"
85,2019,Denver Nuggets,252.0,41.6,52,2543482,43699,24.9,18450,1.0,1.0,0,0,0.0,0.6585365853658537,-0.0039565732931468875,0.07510871954646547,0.024492225389362896,2.92,"1,375"
86,2020,Denver Nuggets,244.87671232876713,41.224657534246575,27,2543482,43699,25.6,19186,1.0,1.0,1,0,0.0,0.6301369863013698,0.04246447401477489,0.08456248595347404,0.2195706782866212,2.98,"1,600"
87,2021,Denver Nuggets,210.69444444444446,0.7288888888888889,15,2963821,71728,26.1,1516,1.0,1.0,0,0,0.0,0.6527777777777778,0.05226118940775785,0.2238339270240182,0.13698453247239445,3.14,"1,725"
88,2011,Detroit Pistons,141.0,28.0,10,4296250,38356,27.2,16660,0.0,0.0,0,0,0.0,0.36585365853658536,0.05717846667922377,0.109034834177749,0.056331708168910734,0.45,360
89,2012,Detroit Pistons,155.3030303030303,24.227272727272727,8,4296250,38356,26.3,14413,0.0,0.0,0,0,0.0,0.3787878787878788,-0.011728829518795131,0.07019475887075398,-0.002525449428903297,0.54,332
90,2013,Detroit Pistons,139.0,24.2,10,4296250,38356,25.3,14685,0.0,0.0,0,0,0.0,0.35365853658536583,0.0732726604319199,0.12031392688334543,0.10637135050134186,0.71,400
91,2014,Detroit Pistons,144.0,24.6,18,4296250,38356,24.7,15025,0.0,0.0,0,0,0.0,0.35365853658536583,0.12758335976699714,0.24236861575412622,0.2144579628302167,1.51,450
92,2015,Detroit Pistons,154.0,24.4,16,4296250,38356,25.9,15266,0.0,0.0,0,0,0.0,0.3902439024390244,0.05763736653393075,0.11057010835873729,0.06620289280041083,1.9,810
93,2016,Detroit Pistons,172.0,21.7,22,4296250,38356,25.0,16516,1.0,0.0,0,0,0.0,0.5365853658536586,-0.009237508942893727,0.05172234679887952,0.003004143340046668,2.42,850
94,2017,Detroit Pistons,221.0,45.2,22,4296250,38356,25.4,15979,0.0,0.0,0,0,0.0,0.45121951219512196,0.029068057908863482,0.04214356241521919,0.0718239987128703,2.62,900
95,2018,Detroit Pistons,235.0,35.7,52,4296250,38356,25.9,17413,0.0,0.0,0,0,0.0,0.47560975609756095,0.048031516581710475,0.1891652785347468,0.13442055146854662,2.71,"1,100"
96,2019,Detroit Pistons,255.0,35.8,52,4296250,38356,26.9,16487,1.0,0.0,0,0,0.0,0.5,-0.0039565732931468875,0.07510871954646547,0.024492225389362896,2.7,"1,270"
97,2020,Detroit Pistons,282.030303030303,34.78787878787879,45,4296250,38356,25.9,15294,0.0,0.0,0,0,0.0,0.30303030303030304,0.04246447401477489,0.08456248595347404,0.2195706782866212,2.98,"1,450"
98,2021,Detroit Pistons,218.66666666666666,0.3302777777777777,43,4392041,57755,24.5,396,0.0,0.0,0,0,0.0,0.2777777777777778,0.05226118940775785,0.2238339270240182,0.13698453247239445,3.0,"1,580"
99,2011,Golden State Warriors,139.0,26.100000000000005,22,4335391,60653,25.2,18693,0.0,0.0,0,0,0.0,0.43902439024390244,0.05717846667922377,0.109034834177749,0.056331708168910734,0.28,363
100,2012,Golden State Warriors,157.78787878787878,26.339393939393936,29,4335391,60653,25.3,18858,0.0,0.0,0,0,0.0,0.3484848484848485,-0.011728829518795131,0.07019475887075398,-0.002525449428903297,0.47,450
101,2013,Golden State Warriors,160.0,28.600000000000005,43,4335391,60653,25.3,19374,1.0,1.0,0,0,0.0,0.573170731707317,0.0732726604319199,0.12031392688334543,0.10637135050134186,0.79,555
102,2014,Golden State Warriors,168.0,35.4,45,4335391,60653,26.3,19596,1.0,0.0,0,0,0.0,0.6219512195121951,0.12758335976699714,0.24236861575412622,0.2144579628302167,2.9,750
103,2015,Golden State Warriors,201.0,41.8,58,4335391,60653,26.6,19596,1.0,1.0,1,1,1.0,0.8170731707317073,0.05763736653393075,0.11057010835873729,0.06620289280041083,5.58,"1,300"
104,2016,Golden State Warriors,305.0,64.3,74,4335391,60653,27.4,19596,1.0,1.0,1,1,0.0,0.8902439024390244,-0.009237508942893727,0.05172234679887952,0.003004143340046668,11.54,"1,900"
105,2017,Golden State Warriors,359.0,77.9,120,4335391,60653,28.2,19596,1.0,1.0,1,1,1.0,0.8170731707317073,0.029068057908863482,0.04214356241521919,0.0718239987128703,15.73,"2,600"
106,2018,Golden State Warriors,401.0,92.4,103,4335391,60653,28.8,19596,1.0,1.0,1,1,1.0,0.7073170731707317,0.048031516581710475,0.1891652785347468,0.13442055146854662,16.72,"3,100"
107,2019,Golden State Warriors,440.0,100.40000000000002,109,4335391,60653,28.4,19596,1.0,1.0,1,1,0.0,0.6951219512195121,-0.0039565732931468875,0.07510871954646547,0.024492225389362896,18.02,"3,500"
108,2020,Golden State Warriors,597.9692307692308,116.1876923076923,200,4335391,60653,24.4,18064,0.0,0.0,0,0,0.0,0.23076923076923078,0.04246447401477489,0.08456248595347404,0.2195706782866212,17.99,"4,300"
109,2021,Golden State Warriors,293.8333333333333,0.0,-44,4749008,110342,26.7,929,,0.0,0,0,0.0,0.5416666666666666,0.05226118940775785,0.2238339270240182,0.13698453247239445,18.32,"5,600"
110,2011,Houston Rockets,150.0,33.2,18,5920416,45792,26.5,16191,0.0,0.0,0,0,0.0,0.524390243902439,0.05717846667922377,0.109034834177749,0.056331708168910734,0.35,443
111,2012,Houston Rockets,167.72727272727272,30.812121212121212,27,5920416,45792,26.2,15363,0.0,0.0,0,0,0.0,0.5151515151515151,-0.011728829518795131,0.07019475887075398,-0.002525449428903297,0.68,453
112,2013,Houston Rockets,191.0,31.399999999999995,64,5920416,45792,24.4,16672,1.0,0.0,0,0,0.0,0.5487804878048781,0.0732726604319199,0.12031392688334543,0.10637135050134186,1.02,568
113,2014,Houston Rockets,175.0,42.4,38,5920416,45792,25.4,18124,1.0,0.0,0,0,0.0,0.6585365853658537,0.12758335976699714,0.24236861575412622,0.2144579628302167,2.94,775
114,2015,Houston Rockets,237.0,49.3,75,5920416,45792,27.6,18230,1.0,1.0,1,0,0.0,0.6829268292682927,0.05763736653393075,0.11057010835873729,0.06620289280041083,4.07,"1,250"
115,2016,Houston Rockets,244.0,49.4,63,5920416,45792,27.8,17982,1.0,0.0,0,0,0.0,0.5,-0.009237508942893727,0.05172234679887952,0.003004143340046668,4.95,"1,500"
116,2017,Houston Rockets,296.0,47.3,95,5920416,45792,27.4,16973,1.0,1.0,0,0,0.0,0.6707317073170732,0.029068057908863482,0.04214356241521919,0.0718239987128703,5.86,"1,650"
117,2018,Houston Rockets,326.0,51.599999999999994,103,5920416,45792,29.8,17871,1.0,1.0,1,0,0.0,0.7926829268292683,0.048031516581710475,0.1891652785347468,0.13442055146854662,6.36,"2,200"
118,2019,Houston Rockets,348.0,66.6,110,5920416,45792,29.2,18058,1.0,1.0,0,0,0.0,0.6463414634146342,-0.0039565732931468875,0.07510871954646547,0.024492225389362896,15.46,"2,300"
119,2020,Houston Rockets,350.77777777777777,64.575,94,5920416,45792,29.2,18077,1.0,1.0,0,0,0.0,0.6111111111111112,0.04246447401477489,0.08456248595347404,0.2195706782866212,17.97,"2,475"
120,2021,Houston Rockets,253.97222222222223,8.860555555555557,33,7122240,61133,26.5,3250,0.0,0.0,0,0,0.0,0.2361111111111111,0.05226118940775785,0.2238339270240182,0.13698453247239445,18.71,"2,750"
121,2011,Indiana Pacers,101.0,17.2,-11,1887877,41668,25.9,13538,1.0,0.0,0,0,0.0,0.45121951219512196,0.05717846667922377,0.109034834177749,0.056331708168910734,0.18,269
122,2012,Indiana Pacers,121.75757575757575,18.015151515151516,11,1887877,41668,26.3,14169,1.0,1.0,0,0,0.0,0.6363636363636364,-0.011728829518795131,0.07019475887075398,-0.002525449428903297,0.3,283
123,2013,Indiana Pacers,122.49382716049382,20.246913580246915,12,1887877,41668,25.7,15270,1.0,1.0,1,0,0.0,0.6049382716049383,0.0732726604319199,0.12031392688334543,0.10637135050134186,0.59,383
124,2014,Indiana Pacers,139.0,23.0,25,1887877,41668,27.2,17501,1.0,1.0,1,0,0.0,0.6829268292682927,0.12758335976699714,0.24236861575412622,0.2144579628302167,2.98,475
125,2015,Indiana Pacers,138.0,22.8,19,1887877,41668,28.3,16864,0.0,0.0,0,0,0.0,0.4634146341463415,0.05763736653393075,0.11057010835873729,0.06620289280041083,3.62,830
126,2016,Indiana Pacers,157.0,26.899999999999995,24,1887877,41668,26.9,16847,1.0,0.0,0,0,0.0,0.5487804878048781,-0.009237508942893727,0.05172234679887952,0.003004143340046668,4.09,840
127,2017,Indiana Pacers,205.0,27.399999999999995,29,1887877,41668,27.0,16697,1.0,0.0,0,0,0.0,0.5121951219512195,0.029068057908863482,0.04214356241521919,0.0718239987128703,4.33,880
128,2018,Indiana Pacers,222.0,26.299999999999997,50,1887877,41668,26.2,16052,1.0,0.0,0,0,0.0,0.5853658536585366,0.048031516581710475,0.1891652785347468,0.13442055146854662,4.43,"1,175"
129,2019,Indiana Pacers,243.0,34.5,55,1887877,41668,27.0,16812,1.0,0.0,0,0,0.0,0.5853658536585366,-0.0039565732931468875,0.07510871954646547,0.024492225389362896,4.45,"1,400"
130,2020,Indiana Pacers,243.75342465753425,33.92328767123288,39,1887877,41668,25.6,16531,1.0,0.0,0,0,0.0,0.6164383561643836,0.04246447401477489,0.08456248595347404,0.2195706782866212,4.38,"1,525"
131,2021,Indiana Pacers,203.86111111111111,0.0,4,2111040,61155,26.5,0,0.0,0.0,0,0,0.0,0.4722222222222222,0.05226118940775785,0.2238339270240182,0.13698453247239445,4.43,"1,670"
132,2011,Los Angeles Clippers,108.0,36.4,9,12828837,44500,24.6,17743,0.0,0.0,0,0,0.0,0.3902439024390244,0.05717846667922377,0.109034834177749,0.056331708168910734,0.32,305
133,2012,Los Angeles Clippers,134.1818181818182,40.25454545454545,9,12828837,44500,27.3,19219,1.0,1.0,0,0,0.0,0.6060606060606061,-0.011728829518795131,0.07019475887075398,-0.002525449428903297,0.68,324
134,2013,Los Angeles Clippers,128.0,49.7,15,12828837,44500,28.8,19227,1.0,0.0,0,0,0.0,0.6829268292682927,0.0732726604319199,0.12031392688334543,0.10637135050134186,1.23,430
135,2014,Los Angeles Clippers,146.0,55.099999999999994,20,12828837,44500,28.1,19212,1.0,1.0,0,0,0.0,0.6951219512195121,0.12758335976699714,0.24236861575412622,0.2144579628302167,3.34,575
136,2015,Los Angeles Clippers,176.0,64.4,21,12828837,44500,28.8,19168,1.0,1.0,0,0,0.0,0.6829268292682927,0.05763736653393075,0.11057010835873729,0.06620289280041083,4.14,"1,600"
137,2016,Los Angeles Clippers,185.0,65.3,-12,12828837,44500,29.7,19193,1.0,0.0,0,0,0.0,0.6463414634146342,-0.009237508942893727,0.05172234679887952,0.003004143340046668,4.82,"2,000"
138,2017,Los Angeles Clippers,257.0,70.4,35,12828837,44500,30.0,19088,1.0,0.0,0,0,0.0,0.6219512195121951,0.029068057908863482,0.04214356241521919,0.0718239987128703,5.13,"2,000"
139,2018,Los Angeles Clippers,258.0,62.79999999999999,43,12828837,44500,27.0,17020,0.0,0.0,0,0,0.0,0.5121951219512195,0.048031516581710475,0.1891652785347468,0.13442055146854662,5.22,"2,150"
140,2019,Los Angeles Clippers,282.0,63.900000000000006,70,12828837,44500,27.2,17325,1.0,0.0,0,0,0.0,0.5853658536585366,-0.0039565732931468875,0.07510871954646547,0.024492225389362896,5.28,"2,200"
141,2020,Los Angeles Clippers,298.3888888888889,63.208333333333336,57,12828837,44500,27.4,19068,1.0,1.0,0,0,0.0,0.6805555555555556,0.04246447401477489,0.08456248595347404,0.2195706782866212,5.39,"2,600"
142,2021,Los Angeles Clippers,249.41666666666666,0.0,18,13200998,70280,28.8,386,1.0,1.0,1,0,0.0,0.6527777777777778,0.05226118940775785,0.2238339270240182,0.13698453247239445,5.58,"3,300"
143,2011,Los Angeles Lakers,208.0,89.6,24,12828837,44500,30.2,18997,1.0,1.0,0,0,0.0,0.6951219512195121,0.05717846667922377,0.109034834177749,0.056331708168910734,15.0,643
144,2012,Los Angeles Lakers,244.75757575757575,93.43030303030304,48,12828837,44500,29.7,18997,1.0,1.0,0,0,0.0,0.6212121212121212,-0.011728829518795131,0.07019475887075398,-0.002525449428903297,17.36,900
145,2013,Los Angeles Lakers,295.0,97.4,66,12828837,44500,30.7,18997,1.0,0.0,0,0,0.0,0.5487804878048781,0.0732726604319199,0.12031392688334543,0.10637135050134186,20.0,"1,000"
146,2014,Los Angeles Lakers,293.0,98.8,104,12828837,44500,26.8,18829,0.0,0.0,0,0,0.0,0.32926829268292684,0.12758335976699714,0.24236861575412622,0.2144579628302167,25.04,"1,350"
147,2015,Los Angeles Lakers,304.0,98.3,133,12828837,44500,27.0,18738,0.0,0.0,0,0,0.0,0.25609756097560976,0.05763736653393075,0.11057010835873729,0.06620289280041083,25.72,"2,600"
148,2016,Los Angeles Lakers,333.0,100.5,119,12828837,44500,26.5,18997,0.0,0.0,0,0,0.0,0.2073170731707317,-0.009237508942893727,0.05172234679887952,0.003004143340046668,27.05,"2,700"
149,2017,Los Angeles Lakers,371.0,101.0,136,12828837,44500,25.1,18949,0.0,0.0,0,0,0.0,0.3170731707317073,0.029068057908863482,0.04214356241521919,0.0718239987128703,28.66,"3,000"
150,2018,Los Angeles Lakers,395.0,104.80000000000001,147,12828837,44500,23.7,18935,0.0,0.0,0,0,0.0,0.4268292682926829,0.048031516581710475,0.1891652785347468,0.13442055146854662,28.91,"3,300"
151,2019,Los Angeles Lakers,434.0,116.80000000000001,178,12828837,44500,26.2,18997,0.0,0.0,0,0,0.0,0.45121951219512196,-0.0039565732931468875,0.07510871954646547,0.024492225389362896,29.57,"3,700"
152,2020,Los Angeles Lakers,461.9718309859155,101.98028169014084,155,12828837,44500,29.5,18997,1.0,1.0,1,1,1.0,0.7323943661971831,0.04246447401477489,0.08456248595347404,0.2195706782866212,31.02,"4,400"
153,2021,Los Angeles Lakers,359.8888888888889,0.0,63,13200998,70280,28.2,648,1.0,0.0,0,0,0.0,0.5833333333333334,0.05226118940775785,0.2238339270240182,0.13698453247239445,31.8,"5,500"
154,2011,Memphis Grizzlies,99.0,15.0,-25,1316100,37100,25.2,14651,1.0,1.0,0,0,0.0,0.5609756097560976,0.05717846667922377,0.109034834177749,0.056331708168910734,0.15,266
155,2012,Memphis Grizzlies,119.27272727272727,16.151515151515152,-13,1316100,37100,25.6,15710,1.0,0.0,0,0,0.0,0.6212121212121212,-0.011728829518795131,0.07019475887075398,-0.002525449428903297,0.27,269
156,2013,Memphis Grizzlies,126.0,19.8,11,1316100,37100,27.0,16625,1.0,1.0,1,0,0.0,0.6829268292682927,0.0732726604319199,0.12031392688334543,0.10637135050134186,0.49,377
157,2014,Memphis Grizzlies,135.0,20.6,11,1316100,37100,28.5,16718,1.0,0.0,0,0,0.0,0.6097560975609756,0.12758335976699714,0.24236861575412622,0.2144579628302167,1.47,453
158,2015,Memphis Grizzlies,147.0,22.0,10,1316100,37100,29.6,17329,1.0,1.0,0,0,0.0,0.6707317073170732,0.05763736653393075,0.11057010835873729,0.06620289280041083,2.05,750
159,2016,Memphis Grizzlies,155.0,21.2,0,1316100,37100,30.5,17119,1.0,0.0,0,0,0.0,0.5121951219512195,-0.009237508942893727,0.05172234679887952,0.003004143340046668,2.42,780
160,2017,Memphis Grizzlies,206.0,22.4,15,1316100,37100,29.5,16520,1.0,0.0,0,0,0.0,0.524390243902439,0.029068057908863482,0.04214356241521919,0.0718239987128703,2.65,790
161,2018,Memphis Grizzlies,213.0,22.9,27,1316100,37100,26.0,15948,0.0,0.0,0,0,0.0,0.2682926829268293,0.048031516581710475,0.1891652785347468,0.13442055146854662,2.73,"1,025"
162,2019,Memphis Grizzlies,224.0,21.3,24,1316100,37100,27.7,15569,0.0,0.0,0,0,0.0,0.4024390243902439,-0.0039565732931468875,0.07510871954646547,0.024492225389362896,2.8,"1,200"
163,2020,Memphis Grizzlies,235.8904109589041,19.994520547945207,22,1316100,37100,24.1,15857,0.0,0.0,0,0,0.0,0.4657534246575342,0.04246447401477489,0.08456248595347404,0.2195706782866212,2.89,"1,300"
164,2021,Memphis Grizzlies,211.83333333333334,1.3552777777777778,12,1337779,52023,24.2,1707,1.0,0.0,0,0,0.0,0.5277777777777778,0.05226118940775785,0.2238339270240182,0.13698453247239445,2.98,"1,500"
165,2011,Miami Heat,158.0,48.7,26,5564635,43203,29.0,19779,1.0,1.0,1,1,0.0,0.7073170731707317,0.05717846667922377,0.109034834177749,0.056331708168910734,6.2,425
166,2012,Miami Heat,186.36363636363637,54.790909090909096,15,5564635,43203,28.3,19935,1.0,1.0,1,1,1.0,0.696969696969697,-0.011728829518795131,0.07019475887075398,-0.002525449428903297,7.62,457
167,2013,Miami Heat,188.0,59.0,29,5564635,43203,30.3,19983,1.0,1.0,1,1,1.0,0.8048780487804879,0.0732726604319199,0.12031392688334543,0.10637135050134186,10.4,625
168,2014,Miami Heat,188.0,63.29999999999999,13,5564635,43203,30.6,19781,1.0,1.0,1,1,0.0,0.6585365853658537,0.12758335976699714,0.24236861575412622,0.2144579628302167,18.32,770
169,2015,Miami Heat,180.0,63.0,21,5564635,43203,28.5,19713,0.0,0.0,0,0,0.0,0.45121951219512196,0.05763736653393075,0.11057010835873729,0.06620289280041083,19.19,"1,175"
170,2016,Miami Heat,210.0,62.29999999999999,21,5564635,43203,28.4,19740,1.0,1.0,0,0,0.0,0.5853658536585366,-0.009237508942893727,0.05172234679887952,0.003004143340046668,19.76,"1,300"
171,2017,Miami Heat,253.0,62.0,63,5564635,43203,26.5,19644,0.0,0.0,0,0,0.0,0.5,0.029068057908863482,0.04214356241521919,0.0718239987128703,20.41,"1,350"
172,2018,Miami Heat,259.0,66.8,40,5564635,43203,26.5,19630,1.0,0.0,0,0,0.0,0.5365853658536586,0.048031516581710475,0.1891652785347468,0.13442055146854662,20.41,"1,700"
173,2019,Miami Heat,294.0,75.7,58,5564635,43203,27.0,19641,0.0,0.0,0,0,0.0,0.47560975609756095,-0.0039565732931468875,0.07510871954646547,0.024492225389362896,19.97,"1,750"
174,2020,Miami Heat,298.7945205479452,56.61369863013699,38,5564635,43203,25.9,19680,1.0,1.0,1,1,,0.6027397260273972,0.04246447401477489,0.08456248595347404,0.2195706782866212,19.64,"1,950"
175,2021,Miami Heat,248.27777777777777,0.0,16,6138333,66307,27.4,0,1.0,0.0,0,0,0.0,0.5555555555555556,0.05226118940775785,0.2238339270240182,0.13698453247239445,19.43,"2,300"
176,2011,Milwaukee Bucks,92.0,26.5,-8,1555908,43673,26.7,15412,0.0,0.0,0,0,0.0,0.4268292682926829,0.05717846667922377,0.109034834177749,0.056331708168910734,0.21,258
177,2012,Milwaukee Bucks,96.9090909090909,25.345454545454544,-1,1555908,43673,26.2,14719,0.0,0.0,0,0,0.0,0.4696969696969697,-0.011728829518795131,0.07019475887075398,-0.002525449428903297,0.3,268
178,2013,Milwaukee Bucks,109.0,28.399999999999995,12,1555908,43673,26.4,15036,1.0,0.0,0,0,0.0,0.4634146341463415,0.0732726604319199,0.12031392688334543,0.10637135050134186,0.46,312
179,2014,Milwaukee Bucks,110.0,24.9,12,1555908,43673,24.7,13465,0.0,0.0,0,0,0.0,0.18292682926829268,0.12758335976699714,0.24236861575412622,0.2144579628302167,1.03,405
180,2015,Milwaukee Bucks,126.0,29.299999999999997,12,1555908,43673,24.6,14813,1.0,0.0,0,0,0.0,0.5,0.05763736653393075,0.11057010835873729,0.06620289280041083,1.46,600
181,2016,Milwaukee Bucks,146.0,30.5,24,1555908,43673,23.5,15166,0.0,0.0,0,0,0.0,0.4024390243902439,-0.009237508942893727,0.05172234679887952,0.003004143340046668,1.92,675
182,2017,Milwaukee Bucks,179.0,33.8,20,1555908,43673,25.6,15828,1.0,0.0,0,0,0.0,0.5121951219512195,0.029068057908863482,0.04214356241521919,0.0718239987128703,2.19,785
183,2018,Milwaukee Bucks,204.0,37.7,25,1555908,43673,25.9,16856,1.0,0.0,0,0,0.0,0.5365853658536586,0.048031516581710475,0.1891652785347468,0.13442055146854662,2.29,"1,075"
184,2019,Milwaukee Bucks,283.0,46.9,69,1555908,43673,26.9,17602,1.0,1.0,1,0,0.0,0.7317073170731707,-0.0039565732931468875,0.07510871954646547,0.024492225389362896,2.92,"1,350"
185,2020,Milwaukee Bucks,268.4657534246575,46.27945205479452,27,1555908,43673,29.2,17711,1.0,1.0,0,0,0.0,0.7671232876712328,0.04246447401477489,0.08456248595347404,0.2195706782866212,3.12,"1,580"
186,2021,Milwaukee Bucks,241.44444444444446,2.448611111111111,11,1574731,61378,28.1,1799,1.0,1.0,1,1,1.0,0.6388888888888888,0.05226118940775785,0.2238339270240182,0.13698453247239445,3.59,"1,900"
187,2011,Minnesota Timberwolves,97.0,20.0,-7,3348859,46419,23.8,15243,0.0,0.0,0,0,0.0,0.2073170731707317,0.05717846667922377,0.109034834177749,0.056331708168910734,0.22,264
188,2012,Minnesota Timberwolves,119.27272727272727,22.984848484848484,-5,3348859,46419,24.4,17491,0.0,0.0,0,0,0.0,0.3939393939393939,-0.011728829518795131,0.07019475887075398,-0.002525449428903297,0.32,272
189,2013,Minnesota Timberwolves,116.0,23.5,-3,3348859,46419,26.4,16340,0.0,0.0,0,0,0.0,0.3780487804878049,0.0732726604319199,0.12031392688334543,0.10637135050134186,0.51,364
190,2014,Minnesota Timberwolves,128.0,21.5,7,3348859,46419,26.3,14565,0.0,0.0,0,0,0.0,0.4878048780487805,0.12758335976699714,0.24236861575412622,0.2144579628302167,1.4,430
191,2015,Minnesota Timberwolves,146.0,22.0,15,3348859,46419,24.4,14416,0.0,0.0,0,0,0.0,0.1951219512195122,0.05763736653393075,0.11057010835873729,0.06620289280041083,1.91,625
192,2016,Minnesota Timberwolves,154.0,21.5,26,3348859,46419,24.6,14175,0.0,0.0,0,0,0.0,0.35365853658536583,-0.009237508942893727,0.05172234679887952,0.003004143340046668,2.34,720
193,2017,Minnesota Timberwolves,204.0,24.3,53,3348859,46419,24.0,14810,0.0,0.0,0,0,0.0,0.3780487804878049,0.029068057908863482,0.04214356241521919,0.0718239987128703,2.57,770
194,2018,Minnesota Timberwolves,223.0,31.5,47,3348859,46419,27.1,17056,1.0,0.0,0,0,0.0,0.573170731707317,0.048031516581710475,0.1891652785347468,0.13442055146854662,2.69,"1,060"
195,2019,Minnesota Timberwolves,234.0,29.5,46,3348859,46419,26.2,15306,0.0,0.0,0,0,0.0,0.43902439024390244,-0.0039565732931468875,0.07510871954646547,0.024492225389362896,2.84,"1,260"
196,2020,Minnesota Timberwolves,274.1875,28.443749999999998,32,3348859,46419,24.8,15066,0.0,0.0,0,0,0.0,0.296875,0.04246447401477489,0.08456248595347404,0.2195706782866212,2.85,"1,375"
197,2021,Minnesota Timberwolves,226.63888888888889,0.07972222222222222,29,3690261,67688,23.2,438,0.0,0.0,0,0,0.0,0.3194444444444444,0.05226118940775785,0.2238339270240182,0.13698453247239445,2.82,"1,550"
198,2011,New Orleans Pelicans,109.0,20.5,-3,1189166,43169,26.3,14709,1.0,0.0,0,0,0.0,0.5609756097560976,0.05717846667922377,0.109034834177749,0.056331708168910734,0.21,280
199,2012,New Orleans Pelicans,124.24242424242425,21.12121212121212,3,1189166,43169,25.5,15110,0.0,0.0,0,0,0.0,0.3181818181818182,-0.011728829518795131,0.07019475887075398,-0.002525449428903297,0.35,285
200,2013,New Orleans Pelicans,116.0,18.7,11,1189166,43169,24.0,13803,0.0,0.0,0,0,0.0,0.32926829268292684,0.0732726604319199,0.12031392688334543,0.10637135050134186,0.53,340
201,2014,New Orleans Pelicans,131.0,20.2,19,1189166,43169,24.3,16391,0.0,0.0,0,0,0.0,0.4146341463414634,0.12758335976699714,0.24236861575412622,0.2144579628302167,1.22,420
202,2015,New Orleans Pelicans,142.0,22.6,20,1189166,43169,25.3,16677,1.0,0.0,0,0,0.0,0.5487804878048781,0.05763736653393075,0.11057010835873729,0.06620289280041083,1.77,650
203,2016,New Orleans Pelicans,156.0,22.7,17,1189166,43169,26.6,16794,0.0,0.0,0,0,0.0,0.36585365853658536,-0.009237508942893727,0.05172234679887952,0.003004143340046668,2.14,650
204,2017,New Orleans Pelicans,204.0,23.9,37,1189166,43169,25.7,16173,0.0,0.0,0,0,0.0,0.4146341463414634,0.029068057908863482,0.04214356241521919,0.0718239987128703,2.36,750
205,2018,New Orleans Pelicans,214.0,27.0,29,1189166,43169,27.6,16437,1.0,1.0,0,0,0.0,0.5853658536585366,0.048031516581710475,0.1891652785347468,0.13442055146854662,2.44,"1,000"
206,2019,New Orleans Pelicans,224.0,27.600000000000005,49,1189166,43169,25.7,16004,0.0,0.0,0,0,0.0,0.4024390243902439,-0.0039565732931468875,0.07510871954646547,0.024492225389362896,2.73,"1,220"
207,2020,New Orleans Pelicans,238.02777777777777,24.030555555555555,44,1189166,43169,25.4,16505,0.0,0.0,0,0,0.0,0.4166666666666667,0.04246447401477489,0.08456248595347404,0.2195706782866212,2.84,"1,350"
208,2021,New Orleans Pelicans,206.13888888888889,2.7219444444444445,24,1271845,57532,24.8,2587,0.0,0.0,0,0,0.0,0.4305555555555556,0.05226118940775785,0.2238339270240182,0.13698453247239445,2.86,"1,525"
209,2011,New York Knicks,244.0,72.8,75,19567410,54270,25.3,19729,1.0,0.0,0,0,0.0,0.5121951219512195,0.05717846667922377,0.109034834177749,0.056331708168910734,2.69,655
210,2012,New York Knicks,301.90909090909093,96.4121212121212,83,19567410,54270,26.3,19763,1.0,0.0,0,0,0.0,0.5454545454545454,-0.011728829518795131,0.07019475887075398,-0.002525449428903297,3.26,780
211,2013,New York Knicks,287.0,97.5,96,19567410,54270,30.2,19033,1.0,1.0,0,0,0.0,0.6585365853658537,0.0732726604319199,0.12031392688334543,0.10637135050134186,4.55,"1,100"
212,2014,New York Knicks,278.0,105.59999999999998,53,19567410,54270,28.3,19812,0.0,0.0,0,0,0.0,0.45121951219512196,0.12758335976699714,0.24236861575412622,0.2144579628302167,6.38,"1,400"
213,2015,New York Knicks,307.0,105.59999999999998,109,19567410,54270,26.9,19812,0.0,0.0,0,0,0.0,0.2073170731707317,0.05763736653393075,0.11057010835873729,0.06620289280041083,6.91,"2,500"
214,2016,New York Knicks,376.0,105.59999999999998,141,19567410,54270,27.2,19812,0.0,0.0,0,0,0.0,0.3902439024390244,-0.009237508942893727,0.05172234679887952,0.003004143340046668,7.61,"3,000"
215,2017,New York Knicks,426.0,105.40000000000002,140,19567410,54270,27.3,19774,0.0,0.0,0,0,0.0,0.3780487804878049,0.029068057908863482,0.04214356241521919,0.0718239987128703,8.0,"3,300"
216,2018,New York Knicks,443.0,103.0,155,19567410,54270,26.3,19332,0.0,0.0,0,0,0.0,0.35365853658536583,0.048031516581710475,0.1891652785347468,0.13442055146854662,8.19,"3,600"
217,2019,New York Knicks,472.0,109.09999999999998,157,19567410,54270,23.4,19002,0.0,0.0,0,0,0.0,0.2073170731707317,-0.0039565732931468875,0.07510871954646547,0.024492225389362896,7.93,"4,000"
218,2020,New York Knicks,523.060606060606,107.96666666666667,178,19567410,54270,24.5,18812,0.0,0.0,0,0,0.0,0.3181818181818182,0.04246447401477489,0.08456248595347404,0.2195706782866212,7.81,"4,600"
219,2021,New York Knicks,339.3888888888889,2.995277777777778,71,20140470,78727,25.6,1170,1.0,0.0,0,0,0.0,0.5694444444444444,0.05226118940775785,0.2238339270240182,0.13698453247239445,7.9,"5,800"
220,2011,Oklahoma City Thunder,126.0,37.2,25,1252987,39493,23.7,18148,1.0,1.0,1,0,0.0,0.6707317073170732,0.05717846667922377,0.109034834177749,0.056331708168910734,1.24,329
221,2012,Oklahoma City Thunder,157.78787878787878,38.01818181818182,30,1252987,39493,25.1,18203,1.0,1.0,1,1,0.0,0.7121212121212122,-0.011728829518795131,0.07019475887075398,-0.002525449428903297,1.83,348
222,2013,Oklahoma City Thunder,144.0,38.1,33,1252987,39493,26.0,18203,1.0,1.0,0,0,0.0,0.7317073170731707,0.0732726604319199,0.12031392688334543,0.10637135050134186,2.7,475
223,2014,Oklahoma City Thunder,152.0,41.1,31,1252987,39493,26.2,18203,1.0,1.0,1,0,0.0,0.7195121951219512,0.12758335976699714,0.24236861575412622,0.2144579628302167,5.9,590
224,2015,Oklahoma City Thunder,157.0,41.1,21,1252987,39493,25.4,18203,0.0,0.0,0,0,0.0,0.5487804878048781,0.05763736653393075,0.11057010835873729,0.06620289280041083,6.7,930
225,2016,Oklahoma City Thunder,187.0,41.1,-8,1252987,39493,25.8,18203,1.0,1.0,1,0,0.0,0.6707317073170732,-0.009237508942893727,0.05172234679887952,0.003004143340046668,8.08,950
226,2017,Oklahoma City Thunder,222.0,46.3,64,1252987,39493,24.7,18203,1.0,0.0,0,0,0.0,0.573170731707317,0.029068057908863482,0.04214356241521919,0.0718239987128703,9.77,"1,025"
227,2018,Oklahoma City Thunder,241.0,52.20000000000001,10,1252987,39493,27.3,18203,1.0,0.0,0,0,0.0,0.5853658536585366,0.048031516581710475,0.1891652785347468,0.13442055146854662,9.79,"1,250"
228,2019,Oklahoma City Thunder,258.0,52.20000000000001,-23,1252987,39493,25.7,18203,1.0,0.0,0,0,0.0,0.5975609756097561,-0.0039565732931468875,0.07510871954646547,0.024492225389362896,9.87,"1,475"
229,2020,Oklahoma City Thunder,268.77777777777777,49.31388888888889,51,1252987,39493,25.5,18203,1.0,0.0,0,0,0.0,0.6111111111111112,0.04246447401477489,0.08456248595347404,0.2195706782866212,9.59,"1,575"
230,2021,Oklahoma City Thunder,208.41666666666666,0.0,48,1425695,53706,22.8,0,0.0,0.0,0,0,0.0,0.3055555555555556,0.05226118940775785,0.2238339270240182,0.13698453247239445,9.38,"1,630"
231,2011,Orlando Magic,140.0,42.8,-16,2134420,33665,27.6,18972,1.0,0.0,0,0,0.0,0.6341463414634146,0.05717846667922377,0.109034834177749,0.056331708168910734,2.33,385
232,2012,Orlando Magic,156.54545454545453,43.36060606060606,12,2134420,33665,27.5,18897,1.0,0.0,0,0,0.0,0.5606060606060606,-0.011728829518795131,0.07019475887075398,-0.002525449428903297,2.64,385
233,2013,Orlando Magic,139.0,31.700000000000003,12,2134420,33665,24.6,17627,0.0,0.0,0,0,0.0,0.24390243902439024,0.0732726604319199,0.12031392688334543,0.10637135050134186,2.97,470
234,2014,Orlando Magic,143.0,28.0,21,2134420,33665,24.6,16245,0.0,0.0,0,0,0.0,0.2804878048780488,0.12758335976699714,0.24236861575412622,0.2144579628302167,3.66,560
235,2015,Orlando Magic,143.0,28.899999999999995,35,2134420,33665,24.3,16785,0.0,0.0,0,0,0.0,0.3048780487804878,0.05763736653393075,0.11057010835873729,0.06620289280041083,3.92,875
236,2016,Orlando Magic,166.0,30.200000000000003,45,2134420,33665,23.9,17515,0.0,0.0,0,0,0.0,0.4268292682926829,-0.009237508942893727,0.05172234679887952,0.003004143340046668,4.15,900
237,2017,Orlando Magic,211.0,30.600000000000005,39,2134420,33665,25.3,17753,0.0,0.0,0,0,0.0,0.35365853658536583,0.029068057908863482,0.04214356241521919,0.0718239987128703,4.31,920
238,2018,Orlando Magic,223.0,30.100000000000005,64,2134420,33665,25.6,17915,0.0,0.0,0,0,0.0,0.3048780487804878,0.048031516581710475,0.1891652785347468,0.13442055146854662,4.35,"1,225"
239,2019,Orlando Magic,244.0,36.0,70,2134420,33665,25.7,17431,1.0,0.0,0,0,0.0,0.5121951219512195,-0.0039565732931468875,0.07510871954646547,0.024492225389362896,4.25,"1,325"
240,2020,Orlando Magic,244.87671232876713,32.68767123287672,37,2134420,33665,26.1,17093,1.0,0.0,0,0,0.0,0.4520547945205479,0.04246447401477489,0.08456248595347404,0.2195706782866212,4.1,"1,430"
241,2021,Orlando Magic,214.11111111111111,5.6033333333333335,29,2673376,48160,25.6,3513,0.0,0.0,0,0,0.0,0.2916666666666667,0.05226118940775785,0.2238339270240182,0.13698453247239445,4.15,"1,640"
242,2011,Philadelphia 76ers,116.0,24.8,-10,5965343,48262,24.7,14752,1.0,0.0,0,0,0.0,0.5,0.05717846667922377,0.109034834177749,0.056331708168910734,0.36,330
243,2012,Philadelphia 76ers,132.93939393939394,27.954545454545453,-1,5965343,48262,24.9,17503,1.0,1.0,0,0,0.0,0.5303030303030303,-0.011728829518795131,0.07019475887075398,-0.002525449428903297,0.42,314
244,2013,Philadelphia 76ers,117.0,26.700000000000003,-4,5965343,48262,25.2,16717,0.0,0.0,0,0,0.0,0.4146341463414634,0.0732726604319199,0.12031392688334543,0.10637135050134186,0.59,418
245,2014,Philadelphia 76ers,125.0,22.2,24,5965343,48262,23.4,13869,0.0,0.0,0,0,0.0,0.23170731707317074,0.12758335976699714,0.24236861575412622,0.2144579628302167,1.36,469
246,2015,Philadelphia 76ers,124.0,22.3,14,5965343,48262,23.2,13941,0.0,0.0,0,0,0.0,0.21951219512195122,0.05763736653393075,0.11057010835873729,0.06620289280041083,1.81,700
247,2016,Philadelphia 76ers,140.0,23.2,18,5965343,48262,23.3,14991,0.0,0.0,0,0,0.0,0.12195121951219512,-0.009237508942893727,0.05172234679887952,0.003004143340046668,2.23,700
248,2017,Philadelphia 76ers,184.0,27.0,40,5965343,48262,24.6,17331,0.0,0.0,0,0,0.0,0.34146341463414637,0.029068057908863482,0.04214356241521919,0.0718239987128703,2.67,800
249,2018,Philadelphia 76ers,268.0,43.3,68,5965343,48262,25.8,20361,1.0,1.0,0,0,0.0,0.6341463414634146,0.048031516581710475,0.1891652785347468,0.13442055146854662,2.99,"1,180"
250,2019,Philadelphia 76ers,300.0,58.70000000000001,90,5965343,48262,26.4,20447,1.0,1.0,0,0,0.0,0.6219512195121951,-0.0039565732931468875,0.07510871954646547,0.024492225389362896,3.55,"1,650"
251,2020,Philadelphia 76ers,290.93150684931504,52.45753424657534,51,5965343,48262,26.3,20629,1.0,0.0,0,0,0.0,0.589041095890411,0.04246447401477489,0.08456248595347404,0.2195706782866212,3.64,"2,000"
252,2021,Philadelphia 76ers,268.77777777777777,1.6172222222222221,13,6245051,68200,27.1,1905,1.0,1.0,0,0,0.0,0.6805555555555556,0.05226118940775785,0.2238339270240182,0.13698453247239445,3.74,"2,450"
253,2011,Phoenix Suns,136.0,46.8,13,4192887,35211,29.6,17567,0.0,0.0,0,0,0.0,0.4878048780487805,0.05717846667922377,0.109034834177749,0.056331708168910734,0.6,411
254,2012,Phoenix Suns,150.33333333333334,39.633333333333326,13,4192887,35211,28.9,15598,0.0,0.0,0,0,0.0,0.5,-0.011728829518795131,0.07019475887075398,-0.002525449428903297,0.87,395
255,2013,Phoenix Suns,137.0,36.7,28,4192887,35211,26.9,15437,0.0,0.0,0,0,0.0,0.3048780487804878,0.0732726604319199,0.12031392688334543,0.10637135050134186,1.01,474
256,2014,Phoenix Suns,145.0,37.1,28,4192887,35211,26.2,15872,0.0,0.0,0,0,0.0,0.5853658536585366,0.12758335976699714,0.24236861575412622,0.2144579628302167,1.86,565
257,2015,Phoenix Suns,154.0,38.9,22,4192887,35211,25.7,16923,0.0,0.0,0,0,0.0,0.47560975609756095,0.05763736653393075,0.11057010835873729,0.06620289280041083,2.23,910
258,2016,Phoenix Suns,173.0,39.3,26,4192887,35211,26.0,17107,0.0,0.0,0,0,0.0,0.2804878048780488,-0.009237508942893727,0.05172234679887952,0.003004143340046668,2.46,"1,000"
259,2017,Phoenix Suns,218.0,39.7,31,4192887,35211,25.0,17134,0.0,0.0,0,0,0.0,0.2926829268292683,0.029068057908863482,0.04214356241521919,0.0718239987128703,2.79,"1,100"
260,2018,Phoenix Suns,235.0,39.1,47,4192887,35211,23.7,16843,0.0,0.0,0,0,0.0,0.25609756097560976,0.048031516581710475,0.1891652785347468,0.13442055146854662,2.88,"1,280"
261,2019,Phoenix Suns,246.0,37.0,42,4192887,35211,24.0,15293,0.0,0.0,0,0,0.0,0.23170731707317074,-0.0039565732931468875,0.07510871954646547,0.024492225389362896,2.98,"1,500"
262,2020,Phoenix Suns,249.36986301369862,36.50684931506849,20,4192887,35211,24.6,15606,0.0,0.0,0,0,0.0,0.4657534246575342,0.04246447401477489,0.08456248595347404,0.2195706782866212,2.96,"1,625"
263,2021,Phoenix Suns,234.61111111111111,3.1319444444444446,15,4845832,54907,26.6,2890,1.0,1.0,1,1,0.0,0.7083333333333334,0.05226118940775785,0.2238339270240182,0.13698453247239445,3.22,"1,800"
264,2011,Portland Trail Blazers,132.0,45.4,-8,2226009,39733,26.7,20510,1.0,0.0,0,0,0.0,0.5853658536585366,0.05717846667922377,0.109034834177749,0.056331708168910734,0.44,356
265,2012,Portland Trail Blazers,145.36363636363637,40.378787878787875,-10,2226009,39733,27.5,20496,0.0,0.0,0,0,0.0,0.42424242424242425,-0.011728829518795131,0.07019475887075398,-0.002525449428903297,0.5,370
266,2013,Portland Trail Blazers,140.0,39.0,30,2226009,39733,24.4,19830,0.0,0.0,0,0,0.0,0.4024390243902439,0.0732726604319199,0.12031392688334543,0.10637135050134186,0.66,457
267,2014,Portland Trail Blazers,153.0,41.3,12,2226009,39733,25.8,19747,1.0,1.0,0,0,0.0,0.6585365853658537,0.12758335976699714,0.24236861575412622,0.2144579628302167,2.0,587
268,2015,Portland Trail Blazers,157.0,42.5,4,2226009,39733,27.0,19472,1.0,0.0,0,0,0.0,0.6219512195121951,0.05763736653393075,0.11057010835873729,0.06620289280041083,2.58,940
269,2016,Portland Trail Blazers,178.0,42.1,41,2226009,39733,24.3,19368,1.0,1.0,0,0,0.0,0.5365853658536586,-0.009237508942893727,0.05172234679887952,0.003004143340046668,3.02,975
270,2017,Portland Trail Blazers,223.0,42.0,25,2226009,39733,24.8,19318,1.0,0.0,0,0,0.0,0.5,0.029068057908863482,0.04214356241521919,0.0718239987128703,3.38,"1,050"
271,2018,Portland Trail Blazers,246.0,46.1,40,2226009,39733,25.6,19409,1.0,0.0,0,0,0.0,0.5975609756097561,0.048031516581710475,0.1891652785347468,0.13442055146854662,3.53,"1,300"
272,2019,Portland Trail Blazers,287.0,52.79999999999999,51,2226009,39733,26.2,19496,1.0,1.0,1,0,0.0,0.6463414634146342,-0.0039565732931468875,0.07510871954646547,0.024492225389362896,3.66,"1,600"
273,2020,Portland Trail Blazers,265.94594594594594,47.20540540540541,27,2226009,39733,27.5,19634,1.0,0.0,0,0,0.0,0.47297297297297297,0.04246447401477489,0.08456248595347404,0.2195706782866212,3.74,"1,850"
274,2021,Portland Trail Blazers,228.91666666666666,0.0,19,2512859,63256,27.4,162,1.0,0.0,0,0,0.0,0.5833333333333334,0.05226118940775785,0.2238339270240182,0.13698453247239445,3.81,"2,050"
275,2011,Sacramento Kings,104.0,29.600000000000005,6,2149127,40853,24.8,13890,0.0,0.0,0,0,0.0,0.2926829268292683,0.05717846667922377,0.109034834177749,0.056331708168910734,0.21,293
276,2012,Sacramento Kings,119.27272727272727,28.575757575757574,3,2149127,40853,24.3,14508,0.0,0.0,0,0,0.0,0.3333333333333333,-0.011728829518795131,0.07019475887075398,-0.002525449428903297,0.3,300
277,2013,Sacramento Kings,115.0,24.2,13,2149127,40853,25.6,13750,0.0,0.0,0,0,0.0,0.34146341463414637,0.0732726604319199,0.12031392688334543,0.10637135050134186,0.44,525
278,2014,Sacramento Kings,125.0,28.700000000000003,9,2149127,40853,24.9,16291,0.0,0.0,0,0,0.0,0.34146341463414637,0.12758335976699714,0.24236861575412622,0.2144579628302167,1.21,550
279,2015,Sacramento Kings,141.0,31.299999999999997,4,2149127,40853,26.0,16587,0.0,0.0,0,0,0.0,0.35365853658536583,0.05763736653393075,0.11057010835873729,0.06620289280041083,1.73,800
280,2016,Sacramento Kings,164.0,34.0,18,2149127,40853,26.6,17222,0.0,0.0,0,0,0.0,0.4024390243902439,-0.009237508942893727,0.05172234679887952,0.003004143340046668,2.26,925
281,2017,Sacramento Kings,240.0,54.099999999999994,50,2149127,40853,27.9,17608,0.0,0.0,0,0,0.0,0.3902439024390244,0.029068057908863482,0.04214356241521919,0.0718239987128703,2.59,"1,075"
282,2018,Sacramento Kings,263.0,48.7,72,2149127,40853,26.4,17431,0.0,0.0,0,0,0.0,0.32926829268292684,0.048031516581710475,0.1891652785347468,0.13442055146854662,2.72,"1,375"
283,2019,Sacramento Kings,286.0,56.099999999999994,81,2149127,40853,24.8,17097,0.0,0.0,0,0,0.0,0.47560975609756095,-0.0039565732931468875,0.07510871954646547,0.024492225389362896,8.61,"1,575"
284,2020,Sacramento Kings,279.02777777777777,52.730555555555554,45,2149127,40853,27.0,16796,0.0,0.0,0,0,0.0,0.4305555555555556,0.04246447401477489,0.08456248595347404,0.2195706782866212,8.8,"1,775"
285,2021,Sacramento Kings,218.66666666666666,0.0,25,2397382,62166,25.6,0,0.0,0.0,0,0,0.0,0.4305555555555556,0.05226118940775785,0.2238339270240182,0.13698453247239445,8.69,"2,000"
286,2011,San Antonio Spurs,139.0,39.8,14,2142508,36640,28.8,18314,1.0,0.0,0,0,0.0,0.7439024390243902,0.05717846667922377,0.109034834177749,0.056331708168910734,1.01,404
287,2012,San Antonio Spurs,167.72727272727272,41.49696969696969,15,2142508,36640,27.5,18397,1.0,1.0,1,0,0.0,0.7575757575757576,-0.011728829518795131,0.07019475887075398,-0.002525449428903297,1.54,418
288,2013,San Antonio Spurs,167.0,42.3,39,2142508,36640,28.6,18432,1.0,1.0,1,1,0.0,0.7073170731707317,0.0732726604319199,0.12031392688334543,0.10637135050134186,2.27,527
289,2014,San Antonio Spurs,172.0,41.5,41,2142508,36640,28.9,18415,1.0,1.0,1,1,1.0,0.7560975609756098,0.12758335976699714,0.24236861575412622,0.2144579628302167,5.81,660
290,2015,San Antonio Spurs,170.0,45.0,32,2142508,36640,29.8,18606,1.0,0.0,0,0,0.0,0.6707317073170732,0.05763736653393075,0.11057010835873729,0.06620289280041083,7.03,"1,000"
291,2016,San Antonio Spurs,187.0,41.6,18,2142508,36640,30.3,18450,1.0,1.0,0,0,0.0,0.8170731707317073,-0.009237508942893727,0.05172234679887952,0.003004143340046668,8.52,"1,150"
292,2017,San Antonio Spurs,259.0,49.1,59,2142508,36640,29.6,18423,1.0,1.0,1,0,0.0,0.7439024390243902,0.029068057908863482,0.04214356241521919,0.0718239987128703,10.02,"1,175"
293,2018,San Antonio Spurs,262.0,56.599999999999994,53,2142508,36640,29.3,18404,1.0,0.0,0,0,0.0,0.573170731707317,0.048031516581710475,0.1891652785347468,0.13442055146854662,10.52,"1,550"
294,2019,San Antonio Spurs,285.0,56.29999999999999,66,2142508,36640,28.8,18308,1.0,0.0,0,0,0.0,0.5853658536585366,-0.0039565732931468875,0.07510871954646547,0.024492225389362896,10.55,"1,625"
295,2020,San Antonio Spurs,294.50704225352115,47.69859154929577,63,2142508,36640,27.6,18351,0.0,0.0,0,0,0.0,0.4507042253521127,0.04246447401477489,0.08456248595347404,0.2195706782866212,10.32,"1,800"
296,2021,San Antonio Spurs,233.47222222222223,2.6991666666666667,39,2558143,50214,26.2,1696,0.0,0.0,0,0,0.0,0.4583333333333333,0.05226118940775785,0.2238339270240182,0.13698453247239445,10.18,"1,980"
297,2011,Toronto Raptors,134.0,42.1,7,5499000,43169,24.5,16592,0.0,0.0,0,0,0.0,0.2682926829268293,0.05717846667922377,0.109034834177749,0.056331708168910734,0.22,399
298,2012,Toronto Raptors,150.33333333333334,39.38484848484848,19,5499000,43169,25.7,16836,0.0,0.0,0,0,0.0,0.3484848484848485,-0.011728829518795131,0.07019475887075398,-0.002525449428903297,0.46,382
299,2013,Toronto Raptors,149.0,40.9,29,5499000,43169,25.4,18145,0.0,0.0,0,0,0.0,0.4146341463414634,0.0732726604319199,0.12031392688334543,0.10637135050134186,0.67,405
300,2014,Toronto Raptors,151.0,43.4,18,5499000,43169,25.6,18252,1.0,0.0,0,0,0.0,0.5853658536585366,0.12758335976699714,0.24236861575412622,0.2144579628302167,1.74,520
301,2015,Toronto Raptors,163.0,43.7,23,5499000,43169,26.1,19752,1.0,0.0,0,0,0.0,0.5975609756097561,0.05763736653393075,0.11057010835873729,0.06620289280041083,2.57,920
302,2016,Toronto Raptors,193.0,43.9,46,5499000,43169,26.3,19826,1.0,1.0,1,0,0.0,0.6829268292682927,-0.009237508942893727,0.05172234679887952,0.003004143340046668,3.38,980
303,2017,Toronto Raptors,250.0,52.900000000000006,51,5499000,43169,26.1,19830,1.0,1.0,0,0,0.0,0.6219512195121951,0.029068057908863482,0.04214356241521919,0.0718239987128703,3.67,"1,125"
304,2018,Toronto Raptors,275.0,52.900000000000006,76,5499000,43169,25.8,19840,1.0,1.0,0,0,0.0,0.7195121951219512,0.048031516581710475,0.1891652785347468,0.13442055146854662,3.99,"1,400"
305,2019,Toronto Raptors,334.0,63.400000000000006,79,5499000,43169,27.3,19825,1.0,1.0,1,1,1.0,0.7073170731707317,-0.0039565732931468875,0.07510871954646547,0.024492225389362896,4.78,"1,675"
306,2020,Toronto Raptors,300.6666666666667,60.588888888888896,79,5499000,43169,26.6,19796,1.0,1.0,0,0,0.0,0.7361111111111112,0.04246447401477489,0.08456248595347404,0.2195706782866212,4.86,"2,100"
307,2021,Toronto Raptors,220.94444444444446,1.845,2,6197000,61824,26.6,723,0.0,0.0,0,0,0.0,0.375,0.05226118940775785,0.2238339270240182,0.13698453247239445,5.02,"2,475"
308,2011,Utah Jazz,120.0,32.8,-16,1124197,36000,26.8,19512,0.0,0.0,0,0,0.0,0.47560975609756095,0.05717846667922377,0.109034834177749,0.056331708168910734,0.32,343
309,2012,Utah Jazz,137.9090909090909,33.2969696969697,12,1124197,36000,25.6,19307,1.0,0.0,0,0,0.0,0.5454545454545454,-0.011728829518795131,0.07019475887075398,-0.002525449428903297,0.45,335
310,2013,Utah Jazz,131.0,33.7,18,1124197,36000,26.3,18632,0.0,0.0,0,0,0.0,0.524390243902439,0.0732726604319199,0.12031392688334543,0.10637135050134186,0.61,432
311,2014,Utah Jazz,142.0,33.5,33,1124197,36000,24.5,18176,0.0,0.0,0,0,0.0,0.3048780487804878,0.12758335976699714,0.24236861575412622,0.2144579628302167,1.1,525
312,2015,Utah Jazz,146.0,33.2,28,1124197,36000,23.4,18831,0.0,0.0,0,0,0.0,0.4634146341463415,0.05763736653393075,0.11057010835873729,0.06620289280041083,1.4,850
313,2016,Utah Jazz,164.0,34.0,36,1124197,36000,24.2,19305,0.0,0.0,0,0,0.0,0.4878048780487805,-0.009237508942893727,0.05172234679887952,0.003004143340046668,1.66,875
314,2017,Utah Jazz,221.0,35.5,61,1124197,36000,26.8,19662,1.0,1.0,0,0,0.0,0.6219512195121951,0.029068057908863482,0.04214356241521919,0.0718239987128703,1.87,910
315,2018,Utah Jazz,243.0,32.3,59,1124197,36000,26.7,17922,1.0,1.0,0,0,0.0,0.5853658536585366,0.048031516581710475,0.1891652785347468,0.13442055146854662,1.96,"1,200"
316,2019,Utah Jazz,258.0,42.0,63,1124197,36000,27.3,18306,1.0,0.0,0,0,0.0,0.6097560975609756,-0.0039565732931468875,0.07510871954646547,0.024492225389362896,2.75,"1,425"
317,2020,Utah Jazz,257.3888888888889,40.77222222222222,42,1124197,36000,27.3,18306,1.0,0.0,0,0,0.0,0.6111111111111112,0.04246447401477489,0.08456248595347404,0.2195706782866212,2.81,"1,550"
318,2021,Utah Jazz,298.3888888888889,6.070277777777778,96,1257936,57114,28.5,4203,1.0,1.0,0,0,0.0,0.7222222222222222,0.05226118940775785,0.2238339270240182,0.13698453247239445,3.22,"1,750"
319,2011,Washington Wizards,109.0,23.4,-3,5636232,58429,24.9,16792,0.0,0.0,0,0,0.0,0.2804878048780488,0.05717846667922377,0.109034834177749,0.056331708168910734,0.13,322
320,2012,Washington Wizards,126.72727272727273,23.35757575757576,2,5636232,58429,24.2,16728,0.0,0.0,0,0,0.0,0.30303030303030304,-0.011728829518795131,0.07019475887075398,-0.002525449428903297,0.25,328
321,2013,Washington Wizards,122.0,23.5,7,5636232,58429,25.4,16343,0.0,0.0,0,0,0.0,0.35365853658536583,0.0732726604319199,0.12031392688334543,0.10637135050134186,0.38,397
322,2014,Washington Wizards,143.0,23.0,10,5636232,58429,26.3,17026,1.0,1.0,0,0,0.0,0.5365853658536586,0.12758335976699714,0.24236861575412622,0.2144579628302167,1.01,485
323,2015,Washington Wizards,146.0,26.200000000000003,3,5636232,58429,28.6,18239,1.0,1.0,0,0,0.0,0.5609756097560976,0.05763736653393075,0.11057010835873729,0.06620289280041083,1.61,900
324,2016,Washington Wizards,155.0,34.8,7,5636232,58429,27.3,17693,0.0,0.0,0,0,0.0,0.5,-0.009237508942893727,0.05172234679887952,0.003004143340046668,2.05,960
325,2017,Washington Wizards,222.0,55.099999999999994,21,5636232,58429,26.0,17003,1.0,1.0,0,0,0.0,0.5975609756097561,0.029068057908863482,0.04214356241521919,0.0718239987128703,2.29,"1,000"
326,2018,Washington Wizards,255.0,56.79999999999999,34,5636232,58429,26.9,18032,1.0,0.0,0,0,0.0,0.524390243902439,0.048031516581710475,0.1891652785347468,0.13442055146854662,2.38,"1,350"
327,2019,Washington Wizards,269.0,60.900000000000006,55,5636232,58429,26.5,17448,0.0,0.0,0,0,0.0,0.3902439024390244,-0.0039565732931468875,0.07510871954646547,0.024492225389362896,2.55,"1,550"
328,2020,Washington Wizards,263.0833333333333,48.51666666666667,39,5636232,58429,25.1,16647,0.0,0.0,0,0,0.0,0.3472222222222222,0.04246447401477489,0.08456248595347404,0.2195706782866212,5.74,"1,750"
329,2021,Washington Wizards,242.58333333333334,0.0,15,6385162,76110,26.6,533,1.0,0.0,0,0,0.0,0.4722222222222222,0.05226118940775785,0.2238339270240182,0.13698453247239445,6.31,"1,925"
